ResponseId,James,John,Robert,Michael,William,David,Richard,Joseph,Thomas,Charles,Casey,Riley,Jessie,Jackie,Avery,Jaime,Peyton,Kerry,Jody,Kendall,Mary,Patricia,Jennifer,Linda,Elizabeth,Barbara,Susan,Jessica,Sarah,Karen,Christopher,Daniel,Matthew,Anthony,Donald,Mark,Paul,Steven,Andrew,Kenneth,Skyler,Frankie,Pat,Quinn,Harley,Reese,Robbie,Tommie,Justice,Kris,Nancy,Margaret,Lisa,Betty,Dorothy,Sandra,Ashley,Kimberly,Donna,Emily,Joshua,George,Kevin,Brian,Edward,Ronald,Timothy,Jason,Jeffery,Ryan,Carey,Emerson,Blair,Amari,Elisha,Sage,Emery,Stevie,Rowan,Ollie,Taylor,Chris,Michelle,Carol,Amanda,Melissa,Deborah,Stephanie,Rebecca,Laura,Sharon,Cynthia,gender
Exp0_P1,1,1,1,2,2,1,1,1,2,1,4,3,5,5,7,5,3,5,6,5,6,6,7,5,7,6,6,7,7,6,2,1,1,1,1,1,1,1,1,1,3,3,3,2,3,2,2,2,4,3,6,6,7,6,6,6,7,7,5,7,2,1,1,1,1,1,1,2,1,1,5,2,4,3,7,5,3,2,2,2,3,3,6,6,7,7,6,6,7,7,6,7,male
Exp0_P2,2,1,1,1,1,1,1,1,1,1,5,6,4,5,5,5,5,4,6,5,7,7,7,7,7,7,7,7,7,7,1,1,1,1,1,1,1,1,1,1,3,2,3,3,5,7,3,3,5,4,7,7,7,7,7,7,6,7,7,7,1,1,1,1,1,1,1,1,1,1,6,2,1,5,7,3,2,2,3,1,5,1,7,7,7,7,7,7,7,7,7,7,female
Exp0_P3,1,1,1,1,1,1,1,1,1,1,5,7,4,7,1,4,4,5,4,6,7,7,7,7,7,7,7,7,7,7,1,1,1,1,1,1,1,1,1,1,3,3,4,1,2,4,1,1,6,1,7,7,7,7,7,7,6,7,7,7,1,1,1,1,1,1,1,1,1,1,3,1,6,6,1,5,1,5,1,1,5,1,7,7,7,7,7,7,7,7,7,7,female
Exp0_P4,1,1,1,1,1,1,1,1,1,1,6,7,5,5,3,6,2,5,7,2,7,6,7,7,7,7,6,7,7,7,1,3,1,1,1,1,1,1,1,1,6,1,4,2,6,6,2,1,4,3,7,7,7,7,7,7,7,7,7,7,1,1,1,1,1,1,1,1,1,1,5,3,4,5,7,6,7,1,2,6,1,1,7,7,7,7,7,7,7,7,7,7,male
Exp0_P5,1,1,1,1,1,1,1,1,1,1,4,4,4,4,6,4,1,4,7,7,7,7,7,7,7,7,7,7,7,7,1,1,1,1,1,1,1,1,1,1,4,4,4,4,4,7,1,1,4,4,7,7,7,7,7,7,7,7,7,7,1,1,1,1,1,1,1,1,1,1,4,3,7,4,7,4,4,4,4,1,4,1,7,7,7,7,7,7,7,7,7,7,female
Exp0_P6,1,1,1,1,1,1,1,1,1,1,4,3,3,6,3,3,4,4,4,4,7,7,7,7,7,7,7,7,7,7,1,1,1,1,1,1,1,1,1,1,5,1,4,3,4,5,1,7,2,4,7,7,7,7,7,7,7,7,7,7,1,1,1,1,1,1,1,1,1,1,5,1,5,4,2,5,3,2,1,2,4,3,7,7,7,7,7,7,7,7,7,7,female
Exp0_P7,1,1,1,1,1,1,1,1,1,1,2,7,1,5,7,4,7,3,7,6,7,7,7,7,7,7,7,7,7,7,1,1,1,1,1,1,1,1,1,1,7,3,7,5,1,2,2,1,4,5,7,7,7,7,7,7,7,7,7,7,1,1,1,1,1,1,1,1,1,1,1,4,7,4,6,7,4,5,5,1,5,1,7,7,7,7,7,7,7,7,7,7,female
Exp0_P8,2,2,2,2,2,2,2,2,2,2,4,4,5,4,2,3,2,3,5,3,6,6,6,6,6,6,6,6,6,6,2,2,2,2,2,2,2,2,2,2,5,2,2,6,5,4,3,3,4,5,6,6,6,6,6,6,6,6,6,6,3,2,2,2,2,2,2,2,3,2,3,3,5,5,6,4,3,3,3,4,4,2,6,6,6,6,6,6,6,6,6,6,male
Exp0_P9,1,1,1,1,1,1,1,1,1,1,4,4,4,4,4,7,4,5,4,5,7,7,7,7,7,7,7,7,7,7,1,1,1,1,1,1,1,1,1,1,7,4,4,4,4,4,1,4,4,4,7,7,7,7,7,7,6,7,7,7,1,1,1,1,1,1,1,1,1,3,5,5,6,4,5,4,6,4,5,2,5,2,7,7,7,7,7,7,7,7,7,7,N/A
Exp0_P10,1,1,1,2,1,1,1,1,1,1,6,3,1,3,6,2,1,1,5,5,7,6,7,6,7,7,7,7,7,7,1,1,1,1,1,1,1,1,1,1,3,1,3,4,1,2,1,1,1,2,7,6,7,6,7,7,7,7,7,7,1,1,1,1,1,1,1,1,1,1,2,2,5,5,4,3,4,1,1,1,4,1,7,7,7,7,7,7,6,7,7,6,female
Exp0_P11,2,2,3,2,2,2,2,2,3,2,4,5,5,6,1,6,3,6,5,5,6,6,6,5,6,6,6,6,5,5,2,2,2,2,2,2,2,2,2,2,6,2,3,3,5,5,2,2,6,6,6,5,6,6,6,6,6,6,6,6,2,2,2,2,2,2,2,3,2,2,3,2,5,3,6,2,2,5,2,5,5,2,5,6,6,6,6,5,6,6,6,5,N/A
Exp0_P12,1,1,1,2,1,1,1,1,1,1,3,7,4,7,5,3,3,5,7,5,7,7,7,7,7,7,7,7,7,7,1,1,1,1,1,1,1,1,1,2,5,1,6,7,5,2,2,3,6,3,7,7,7,7,7,7,7,7,7,7,1,1,1,1,1,1,2,1,1,1,5,4,6,4,7,4,6,5,6,4,7,1,7,7,7,7,7,7,7,7,7,7,male
Exp0_P13,2,2,1,2,2,1,1,2,2,2,4,3,5,4,2,4,3,3,6,3,6,7,7,7,7,7,7,7,7,7,1,4,1,1,1,1,1,1,2,1,3,3,4,3,4,2,1,4,3,5,7,7,7,7,7,7,7,7,7,7,1,1,2,2,1,1,1,1,1,4,6,2,3,5,7,6,6,5,2,1,4,1,6,6,7,6,6,7,7,7,6,6,male
Exp0_P14,1,1,1,1,1,1,1,1,1,1,4,4,4,4,5,4,5,6,4,4,7,6,7,6,7,7,7,7,7,7,1,1,1,1,1,1,1,1,1,1,5,4,4,3,6,5,3,3,3,5,7,7,7,7,7,7,6,7,7,7,1,1,1,1,1,1,1,1,1,1,6,2,6,4,7,6,4,4,4,2,6,2,7,7,7,7,7,7,7,7,7,7,N/A
Exp0_P15,1,1,1,1,1,1,1,1,1,1,2,4,4,4,2,2,2,4,6,2,7,7,7,7,7,7,7,7,7,7,1,1,1,1,1,1,1,1,1,1,3,4,4,4,5,3,2,5,6,4,7,7,7,7,7,7,6,6,6,7,1,1,1,1,1,1,1,1,1,1,4,2,7,4,7,4,4,4,1,4,4,4,7,7,7,7,7,7,7,7,7,7,female
Exp0_P16,1,1,1,2,1,2,1,1,1,1,4,5,6,6,4,6,5,6,5,3,7,7,7,7,7,7,7,7,7,7,1,1,1,1,1,1,1,1,1,1,6,6,4,3,2,5,5,5,3,5,7,7,7,7,7,7,6,6,7,7,1,1,1,1,1,1,1,1,1,2,3,3,5,6,4,6,5,6,3,3,3,4,7,6,7,7,7,7,7,7,7,3,male
Exp0_P17,4,3,5,5,5,3,4,5,5,4,6,5,6,5,5,5,4,5,3,4,4,6,4,5,5,5,5,5,5,3,4,4,4,5,4,4,5,4,4,5,4,5,4,5,5,5,5,4,5,4,4,4,4,3,5,5,5,5,5,4,4,4,4,4,5,3,4,4,4,4,4,6,4,4,5,4,5,4,4,4,4,5,4,4,4,4,5,4,4,4,5,4,male
Exp0_P18,3,1,1,2,1,1,2,2,1,1,4,4,4,6,4,4,4,4,4,4,7,7,7,7,6,7,7,6,7,7,1,1,1,1,1,1,7,2,1,1,7,4,4,4,4,4,3,3,4,4,7,7,7,7,7,7,1,7,7,7,1,1,1,1,1,1,1,1,1,3,4,4,4,2,7,4,4,4,2,1,4,4,7,7,7,7,7,7,7,7,7,7,female
Exp0_P19,1,1,1,1,1,1,1,1,1,1,6,2,4,6,2,2,3,3,6,2,7,7,7,7,7,7,7,7,7,7,1,1,1,1,1,1,1,1,1,1,6,2,4,1,1,6,1,1,3,2,7,7,7,7,7,7,7,7,7,7,1,1,1,1,1,1,1,1,1,1,7,1,2,5,7,4,2,3,2,1,3,3,7,7,7,7,7,7,7,7,7,7,male
Exp0_P20,1,1,1,1,1,1,1,1,1,1,5,5,4,6,4,5,5,6,6,3,7,7,7,7,7,7,7,7,7,7,1,2,1,1,1,1,1,1,1,1,7,3,4,5,6,6,2,3,4,4,7,7,7,7,7,7,6,7,7,7,1,1,1,1,1,1,1,2,2,2,7,5,7,7,7,6,7,3,3,3,4,4,7,6,7,7,7,7,7,7,7,7,male
Exp0_P21,2,2,1,2,1,2,1,2,2,1,4,5,4,5,4,2,2,6,6,4,7,7,7,7,7,7,7,6,7,7,1,2,2,1,4,1,2,1,1,2,2,2,2,5,6,2,2,2,3,4,7,6,7,7,4,7,7,7,6,7,1,1,1,2,1,1,2,1,1,2,4,4,6,5,6,2,5,2,1,3,2,1,7,2,7,7,7,7,7,7,6,7,male
Exp0_P22,2,2,2,1,1,1,1,1,1,2,4,6,5,5,4,3,5,5,5,3,7,7,7,6,7,6,7,6,7,7,1,2,1,2,3,2,2,2,2,2,5,3,4,3,6,3,5,2,6,3,7,6,7,6,6,7,5,6,7,7,1,1,1,1,1,1,1,2,2,1,6,3,6,4,7,6,3,5,2,1,5,3,7,6,7,7,7,6,7,7,6,6,male
Exp0_P23,1,1,1,1,1,1,1,1,1,1,5,4,7,7,1,5,1,6,7,7,7,7,7,7,7,7,7,7,7,7,1,1,1,1,1,1,1,1,1,1,3,4,6,4,1,4,1,1,1,5,7,7,7,7,7,7,7,7,7,7,1,1,1,1,1,1,1,1,1,1,3,4,7,4,1,1,7,1,4,1,7,1,7,7,7,7,7,7,7,7,7,7,female
Exp0_P24,2,1,1,1,1,1,1,1,1,1,4,4,6,6,6,5,4,6,7,6,7,7,7,7,7,7,7,7,7,7,1,1,1,1,1,1,1,1,1,1,4,2,4,5,4,4,1,1,4,4,7,7,7,7,7,7,5,7,7,7,1,1,1,1,1,1,1,1,1,1,4,1,4,4,7,4,3,2,1,2,4,3,7,7,7,7,7,7,7,7,7,7,male
Exp0_P25,2,4,5,5,5,5,4,4,5,5,4,4,4,3,4,4,4,4,5,4,2,3,2,3,3,5,3,2,4,2,5,5,5,5,5,4,5,5,5,5,4,6,6,5,3,5,5,5,3,4,3,3,3,3,3,3,4,3,3,3,6,6,6,5,5,6,6,6,5,5,4,6,5,6,4,6,6,5,6,6,4,5,2,2,2,3,2,2,2,2,2,3,male
Exp0_P26,1,1,1,1,1,1,1,1,1,1,4,6,4,5,6,4,5,7,6,7,7,7,7,7,7,7,7,7,7,7,1,1,1,1,1,1,1,1,1,1,7,3,4,3,5,7,2,2,4,7,7,7,7,7,7,7,7,7,7,7,1,1,1,1,1,1,1,1,1,1,4,2,5,5,7,5,5,3,3,3,5,1,7,7,7,7,7,7,7,7,7,7,male
Exp0_P27,1,1,1,1,2,1,1,1,1,1,5,4,4,4,4,4,4,5,5,1,7,6,7,4,7,7,7,6,7,6,2,1,1,1,2,1,1,1,1,1,4,3,4,3,4,5,2,2,5,3,7,6,7,6,5,6,7,7,6,7,1,1,1,1,1,2,2,1,2,2,4,3,5,5,6,5,4,3,3,2,5,3,7,7,7,7,6,7,7,7,6,7,female
Exp0_P28,1,1,1,2,1,1,1,1,1,1,3,3,5,5,2,4,3,3,4,2,7,7,7,7,7,7,7,7,7,7,1,1,1,1,1,1,1,1,1,1,3,2,3,4,4,4,2,2,4,4,7,7,7,7,7,7,4,7,7,7,1,1,1,1,1,1,1,1,1,1,2,1,4,3,6,3,3,3,2,2,4,3,7,7,7,7,7,7,7,7,7,7,female
Exp0_P29,1,1,1,1,2,1,1,1,2,1,4,5,4,5,3,3,4,6,6,3,7,7,7,7,7,7,7,7,7,7,1,1,1,1,1,3,1,1,1,1,5,3,1,3,5,3,3,2,4,4,7,6,7,7,7,7,7,6,7,7,1,1,1,1,1,1,1,1,1,1,4,5,6,5,6,6,4,3,5,1,5,1,7,7,7,7,7,7,7,7,7,7,female
Exp0_P30,1,1,1,1,1,1,1,1,1,1,7,7,4,7,7,6,1,7,7,7,7,7,7,7,7,7,7,7,7,7,1,1,1,1,1,1,1,1,1,1,7,5,2,1,1,1,7,1,7,7,7,7,7,7,7,7,7,7,7,7,1,1,1,1,1,1,1,1,1,1,7,1,7,7,1,7,7,4,1,1,5,1,7,7,7,7,7,7,7,7,7,7,N/A
Exp0_P31,1,1,1,1,1,1,1,1,1,1,4,4,3,4,3,3,5,4,4,4,7,7,7,7,7,7,7,7,7,1,1,1,1,1,1,1,1,1,1,1,7,2,3,3,4,5,1,1,6,4,7,7,7,7,7,7,6,7,7,7,1,1,1,1,1,1,1,1,1,1,6,2,7,3,3,7,3,3,3,1,5,2,7,7,7,7,7,7,7,7,7,7,male
Exp0_P32,1,1,1,1,1,1,1,1,1,1,4,7,4,7,7,4,1,4,7,7,7,7,7,7,7,7,7,7,7,7,1,4,1,1,1,1,1,4,1,1,7,4,1,4,4,1,4,4,4,7,7,7,7,7,7,7,7,7,7,7,1,1,1,1,1,1,1,1,1,1,7,1,7,7,7,4,4,4,4,1,4,1,7,7,7,7,7,7,7,7,7,7,male
Exp0_P33,2,1,1,2,1,2,1,2,1,3,4,5,4,4,3,5,4,4,6,5,7,6,6,7,7,7,7,7,7,7,3,1,1,1,1,1,1,1,1,1,5,5,4,3,4,3,4,5,5,4,7,7,7,7,7,7,7,7,7,7,1,1,1,1,1,1,1,1,1,5,5,3,5,3,7,4,3,4,5,2,4,3,6,7,7,7,7,7,7,7,7,7,male
Exp0_P34,1,1,1,1,1,1,1,1,1,1,5,5,4,5,4,5,4,4,6,4,7,7,7,1,7,7,7,7,7,7,1,1,1,1,1,1,1,1,1,1,6,1,4,7,6,4,1,2,5,4,7,7,7,7,7,7,7,7,7,7,1,1,1,1,1,1,1,1,1,1,6,2,6,5,5,6,4,1,1,2,4,1,7,7,7,7,7,7,7,7,7,7,female
Exp0_P35,1,1,1,1,1,1,1,1,1,1,4,4,5,5,4,4,4,7,7,5,7,7,7,7,7,7,7,7,7,7,1,1,1,1,1,1,1,1,1,1,4,1,3,4,4,4,1,1,4,4,7,7,7,7,7,7,6,7,7,7,1,1,1,1,1,1,1,1,1,1,6,2,5,6,7,4,4,1,2,4,4,3,7,7,7,7,7,7,7,7,7,7,male
Exp0_P36,1,1,1,2,1,1,1,1,1,1,5,3,7,4,3,5,5,5,5,7,7,7,7,7,7,7,7,7,7,7,1,1,1,1,1,1,1,1,1,1,6,3,4,6,6,5,2,1,3,4,7,7,7,6,7,7,7,6,7,7,1,1,1,2,1,1,1,1,1,3,6,3,4,3,7,6,5,2,2,3,4,3,7,7,7,7,7,7,7,7,7,7,male
Exp0_P37,1,1,1,1,1,1,1,1,1,1,4,4,4,7,7,4,4,6,5,6,7,7,7,7,7,7,7,7,7,7,1,1,1,1,1,1,1,1,1,1,4,3,4,5,4,3,1,1,2,4,7,7,7,7,7,7,7,7,7,7,1,1,1,1,1,1,1,1,1,1,7,1,6,3,7,2,7,1,1,1,4,1,7,7,7,7,7,7,7,7,7,7,male
Exp0_P38,1,1,1,1,1,1,1,1,1,1,4,4,4,7,6,4,4,4,4,7,7,7,7,7,7,7,7,7,7,7,1,1,1,1,1,1,1,1,1,1,4,3,1,5,5,4,1,1,4,4,7,7,7,7,7,7,7,7,7,7,1,1,1,1,1,1,1,1,1,3,4,2,7,7,2,4,5,1,5,3,4,3,7,7,7,7,7,7,7,7,7,7,female
Exp0_P39,1,1,1,1,1,1,1,1,1,1,4,3,5,5,1,4,3,6,6,4,7,7,7,7,7,7,7,7,7,7,1,1,1,1,1,1,1,1,1,1,5,4,4,6,4,5,2,4,6,3,7,7,7,7,7,7,7,7,7,7,1,1,1,1,1,1,1,1,1,4,3,1,4,6,7,6,2,3,1,1,6,4,7,7,7,7,7,7,7,7,7,7,N/A
Exp0_P40,1,1,1,1,1,1,1,1,1,1,3,3,4,5,4,6,4,5,7,5,7,7,7,7,7,7,7,7,7,7,1,1,1,1,1,1,1,1,1,1,4,4,4,4,3,5,3,1,4,4,7,7,7,7,7,7,6,7,7,7,1,1,1,1,1,1,1,1,1,1,4,3,4,4,7,6,2,4,1,2,4,2,7,7,7,7,7,7,7,7,7,7,male
Exp0_P41,1,1,1,1,1,1,1,1,1,1,4,4,7,7,7,4,4,4,7,7,7,7,7,7,7,7,7,7,7,7,1,1,1,1,1,1,1,1,1,1,4,1,7,4,7,1,1,7,6,4,7,7,7,7,7,7,7,7,7,7,1,1,1,1,1,1,1,1,1,1,4,4,7,7,7,7,4,7,1,1,4,1,7,7,7,7,7,7,7,7,7,7,female
Exp0_P42,1,1,1,1,1,1,1,1,1,1,4,4,4,6,6,4,6,5,6,5,7,7,7,6,7,7,7,7,7,7,1,1,1,1,1,1,1,1,1,1,4,3,4,1,4,4,2,1,3,4,7,7,7,6,7,7,6,7,7,7,1,1,1,1,1,1,1,1,1,1,4,3,4,4,7,5,4,4,3,2,4,1,7,7,7,7,7,7,7,7,7,7,female
Exp0_P43,1,1,1,1,1,1,1,1,1,1,4,3,5,6,5,5,1,4,7,1,7,7,7,7,7,7,7,7,7,7,1,1,1,1,1,1,1,1,1,1,5,4,5,5,6,1,2,1,5,2,7,7,7,7,7,7,7,7,7,7,1,1,1,1,1,1,1,1,1,1,6,1,6,2,7,6,2,1,2,1,5,1,7,7,7,7,7,7,7,7,7,7,male
Exp0_P44,1,1,1,1,1,1,1,1,1,1,4,4,4,4,3,4,1,4,4,1,7,7,7,7,7,7,7,7,7,7,1,1,1,1,1,1,1,1,1,1,3,4,4,1,5,4,3,3,4,4,7,7,7,7,7,7,4,7,7,7,1,1,1,1,1,1,1,1,1,1,6,1,7,3,7,6,3,3,1,1,4,4,7,7,7,7,7,7,7,7,7,7,male
Exp0_P45,1,1,1,1,1,1,1,1,2,1,4,4,5,6,1,4,1,5,6,7,7,7,7,7,7,6,7,7,7,6,1,1,1,1,1,1,1,1,1,1,5,2,2,5,2,3,3,3,7,4,7,7,7,7,7,7,7,7,7,7,1,1,1,1,1,1,1,1,1,1,3,1,7,7,5,4,2,1,1,1,4,1,7,7,7,7,7,7,7,7,7,7,female
Exp0_P46,2,1,1,1,1,1,1,1,1,1,4,4,5,5,4,5,4,5,6,4,7,7,7,7,7,7,7,7,7,6,1,1,1,1,1,1,1,1,1,1,2,5,4,6,5,5,5,5,5,4,7,7,7,7,7,7,6,5,7,7,1,2,1,1,1,1,1,1,1,2,4,2,5,3,7,4,5,5,5,3,5,1,7,7,7,7,7,7,7,7,7,7,female
Exp0_P47,1,2,2,2,2,2,2,2,2,2,4,4,4,4,4,4,4,4,4,4,6,6,6,6,6,6,6,6,6,6,1,1,1,1,1,1,1,1,1,1,4,4,4,4,4,4,1,1,5,4,7,7,7,7,7,7,6,7,7,7,1,1,1,1,1,1,1,1,1,1,4,4,4,4,7,4,4,4,4,4,4,4,6,7,7,7,7,7,7,7,7,7,female
Exp0_P48,1,1,1,1,1,1,1,1,1,1,5,3,4,6,2,5,5,6,6,7,7,7,7,7,7,7,7,7,7,7,1,1,1,1,1,1,1,1,1,1,3,2,4,1,2,5,1,1,5,4,7,7,7,7,7,7,6,7,7,7,1,1,1,1,1,1,1,1,1,1,6,2,5,5,7,5,4,3,3,4,5,2,6,7,7,7,7,7,7,7,7,7,female
Exp0_P49,1,1,1,1,1,1,1,1,1,1,5,2,1,6,1,7,2,2,7,1,7,7,7,7,7,7,7,7,7,7,1,1,1,1,1,1,1,1,1,1,5,1,7,1,1,1,1,1,4,7,7,7,7,7,7,7,7,7,7,7,1,1,1,1,1,1,1,1,1,1,1,1,1,7,7,1,1,1,1,1,1,1,7,7,7,7,7,7,7,7,7,7,female
Exp0_P50,1,1,1,1,1,1,1,1,1,1,2,5,6,7,7,6,4,6,7,7,7,7,7,7,7,7,7,7,7,7,1,1,1,1,1,1,1,1,1,1,4,1,2,4,7,1,1,1,7,1,7,7,7,7,7,7,7,7,7,7,1,1,1,1,1,1,1,1,1,1,7,5,6,7,7,4,7,3,5,1,4,1,7,7,7,7,7,7,7,7,7,7,female
Exp0_P51,1,1,1,1,1,1,1,1,1,1,3,3,5,5,3,5,6,5,3,6,7,7,7,7,7,7,7,7,7,7,1,1,1,1,1,1,1,1,1,1,5,3,3,3,5,5,2,3,6,5,7,7,7,7,7,7,7,7,7,7,1,1,1,1,1,1,1,1,1,2,5,2,5,5,6,5,3,3,3,2,3,2,7,7,7,7,7,7,7,7,7,7,female
